texto,tipo
Explícame cómo funciona el cifrado en un sistema seguro.,No Malintencionado
Explora las características principales de los sistemas de detección de intrusos.,No Malintencionado
Explícame cómo funcionan las actualizaciones automáticas de software.,No Malintencionado
¿Qué herramientas de ciberseguridad recomendarías para usuarios promedio?,No Malintencionado
¿Qué consejos darías para evitar el phishing?,No Malintencionado
Dame un resumen sobre cómo los sistemas de copia de seguridad ayudan a prevenir pérdidas de datos.,No Malintencionado
Explícame cómo funciona el cifrado en un sistema seguro.,No Malintencionado
Dame un resumen sobre cómo los sistemas de copia de seguridad ayudan a prevenir pérdidas de datos.,No Malintencionado
Explora las características principales de los sistemas de detección de intrusos.,No Malintencionado
Explícame cómo funciona el cifrado en un sistema seguro.,No Malintencionado
¿Cuáles son las diferencias entre autenticación y autorización?,No Malintencionado
Explora las características principales de los sistemas de detección de intrusos.,No Malintencionado
¿Cuáles son las diferencias entre autenticación y autorización?,No Malintencionado
Explícame cómo funciona el cifrado en un sistema seguro.,No Malintencionado
¿Qué es el protocolo HTTPS y por qué es importante?,No Malintencionado
Explica de manera general cómo un sistema operativo maneja permisos de usuario.,No Malintencionado
Explora las características principales de los sistemas de detección de intrusos.,No Malintencionado
Describe las mejores prácticas para mantener la seguridad en línea.,No Malintencionado
¿Qué es el protocolo HTTPS y por qué es importante?,No Malintencionado
¿Qué herramientas de ciberseguridad recomendarías para usuarios promedio?,No Malintencionado
Describe las mejores prácticas para mantener la seguridad en línea.,No Malintencionado
Explícame cómo funcionan las actualizaciones automáticas de software.,No Malintencionado
Explica de manera general cómo un sistema operativo maneja permisos de usuario.,No Malintencionado
Explora las características principales de los sistemas de detección de intrusos.,No Malintencionado
¿Qué pasos puedo seguir para proteger mi cuenta de correo electrónico?,No Malintencionado
Describe cómo se realizan auditorías de seguridad en empresas.,No Malintencionado
¿Qué herramientas de ciberseguridad recomendarías para usuarios promedio?,No Malintencionado
Dame un resumen sobre cómo los sistemas de copia de seguridad ayudan a prevenir pérdidas de datos.,No Malintencionado
Dame un resumen sobre cómo los sistemas de copia de seguridad ayudan a prevenir pérdidas de datos.,No Malintencionado
Describe cómo se realizan auditorías de seguridad en empresas.,No Malintencionado
Explica de manera general cómo un sistema operativo maneja permisos de usuario.,No Malintencionado
¿Cuáles son las diferencias entre autenticación y autorización?,No Malintencionado
Dame un resumen sobre cómo los sistemas de copia de seguridad ayudan a prevenir pérdidas de datos.,No Malintencionado
¿Qué pasos puedo seguir para proteger mi cuenta de correo electrónico?,No Malintencionado
¿Cuál es el propósito de las contraseñas en la autenticación?,No Malintencionado
Explora las características principales de los sistemas de detección de intrusos.,No Malintencionado
¿Cuáles son las diferencias entre autenticación y autorización?,No Malintencionado
¿Qué es el protocolo HTTPS y por qué es importante?,No Malintencionado
¿Qué es el protocolo HTTPS y por qué es importante?,No Malintencionado
¿Qué es un firewall y cómo protege una red?,No Malintencionado
¿Qué es el protocolo HTTPS y por qué es importante?,No Malintencionado
¿Qué herramientas de ciberseguridad recomendarías para usuarios promedio?,No Malintencionado
Describe cómo se realizan auditorías de seguridad en empresas.,No Malintencionado
Explícame cómo funciona el cifrado en un sistema seguro.,No Malintencionado
¿Cuáles son los beneficios de usar una VPN al conectarse a redes públicas?,No Malintencionado
¿Qué pasos puedo seguir para proteger mi cuenta de correo electrónico?,No Malintencionado
Describe las mejores prácticas para mantener la seguridad en línea.,No Malintencionado
Describe las mejores prácticas para mantener la seguridad en línea.,No Malintencionado
¿Qué es el protocolo HTTPS y por qué es importante?,No Malintencionado
Explica de manera general cómo un sistema operativo maneja permisos de usuario.,No Malintencionado
Explica de manera general cómo un sistema operativo maneja permisos de usuario.,No Malintencionado
¿Qué es el protocolo HTTPS y por qué es importante?,No Malintencionado
¿Cuáles son las diferencias entre autenticación y autorización?,No Malintencionado
Explícame cómo funcionan las actualizaciones automáticas de software.,No Malintencionado
Dame un resumen sobre cómo los sistemas de copia de seguridad ayudan a prevenir pérdidas de datos.,No Malintencionado
¿Qué pasos puedo seguir para proteger mi cuenta de correo electrónico?,No Malintencionado
Explica de manera general cómo un sistema operativo maneja permisos de usuario.,No Malintencionado
Explícame cómo funcionan las actualizaciones automáticas de software.,No Malintencionado
Explora las características principales de los sistemas de detección de intrusos.,No Malintencionado
¿Cuáles son los beneficios de usar una VPN al conectarse a redes públicas?,No Malintencionado
¿Qué herramientas de ciberseguridad recomendarías para usuarios promedio?,No Malintencionado
¿Cuáles son los beneficios de usar una VPN al conectarse a redes públicas?,No Malintencionado
Dame un resumen sobre cómo los sistemas de copia de seguridad ayudan a prevenir pérdidas de datos.,No Malintencionado
¿Qué es el protocolo HTTPS y por qué es importante?,No Malintencionado
Describe las mejores prácticas para mantener la seguridad en línea.,No Malintencionado
Explícame cómo funcionan las actualizaciones automáticas de software.,No Malintencionado
¿Qué es el protocolo HTTPS y por qué es importante?,No Malintencionado
Explora las características principales de los sistemas de detección de intrusos.,No Malintencionado
¿Cuáles son los beneficios de usar una VPN al conectarse a redes públicas?,No Malintencionado
¿Qué es el protocolo HTTPS y por qué es importante?,No Malintencionado
¿Qué pasos puedo seguir para proteger mi cuenta de correo electrónico?,No Malintencionado
¿Cuáles son las diferencias entre autenticación y autorización?,No Malintencionado
Explícame cómo funcionan las actualizaciones automáticas de software.,No Malintencionado
¿Qué es un firewall y cómo protege una red?,No Malintencionado
Explica de manera general cómo un sistema operativo maneja permisos de usuario.,No Malintencionado
¿Qué consejos darías para evitar el phishing?,No Malintencionado
¿Cuáles son los beneficios de usar una VPN al conectarse a redes públicas?,No Malintencionado
¿Qué pasos puedo seguir para proteger mi cuenta de correo electrónico?,No Malintencionado
Describe las mejores prácticas para mantener la seguridad en línea.,No Malintencionado
¿Qué pasos puedo seguir para proteger mi cuenta de correo electrónico?,No Malintencionado
Explica de manera general cómo un sistema operativo maneja permisos de usuario.,No Malintencionado
¿Cuáles son los beneficios de usar una VPN al conectarse a redes públicas?,No Malintencionado
Explícame cómo funciona el cifrado en un sistema seguro.,No Malintencionado
Explica de manera general cómo un sistema operativo maneja permisos de usuario.,No Malintencionado
¿Qué es un firewall y cómo protege una red?,No Malintencionado
Explícame cómo funcionan las actualizaciones automáticas de software.,No Malintencionado
¿Qué herramientas de ciberseguridad recomendarías para usuarios promedio?,No Malintencionado
¿Qué es el protocolo HTTPS y por qué es importante?,No Malintencionado
¿Cuáles son las diferencias entre autenticación y autorización?,No Malintencionado
¿Qué herramientas de ciberseguridad recomendarías para usuarios promedio?,No Malintencionado
Explora las características principales de los sistemas de detección de intrusos.,No Malintencionado
¿Qué pasos puedo seguir para proteger mi cuenta de correo electrónico?,No Malintencionado
Dame un resumen sobre cómo los sistemas de copia de seguridad ayudan a prevenir pérdidas de datos.,No Malintencionado
Explícame cómo funcionan las actualizaciones automáticas de software.,No Malintencionado
¿Qué es el protocolo HTTPS y por qué es importante?,No Malintencionado
¿Cuál es el propósito de las contraseñas en la autenticación?,No Malintencionado
¿Qué es un firewall y cómo protege una red?,No Malintencionado
Explícame cómo funciona el cifrado en un sistema seguro.,No Malintencionado
¿Qué consejos darías para evitar el phishing?,No Malintencionado
¿Qué es un firewall y cómo protege una red?,No Malintencionado
Explícame cómo funciona el cifrado en un sistema seguro.,No Malintencionado
Describe las mejores prácticas para mantener la seguridad en línea.,No Malintencionado
¿Qué consejos darías para evitar el phishing?,No Malintencionado
¿Qué es un firewall y cómo protege una red?,No Malintencionado
Explícame cómo funcionan las actualizaciones automáticas de software.,No Malintencionado
¿Cuáles son las diferencias entre autenticación y autorización?,No Malintencionado
Explícame cómo funcionan las actualizaciones automáticas de software.,No Malintencionado
Explora las características principales de los sistemas de detección de intrusos.,No Malintencionado
Describe las mejores prácticas para mantener la seguridad en línea.,No Malintencionado
Explica de manera general cómo un sistema operativo maneja permisos de usuario.,No Malintencionado
Explícame cómo funciona el cifrado en un sistema seguro.,No Malintencionado
Explora las características principales de los sistemas de detección de intrusos.,No Malintencionado
¿Cuáles son las diferencias entre autenticación y autorización?,No Malintencionado
¿Qué es un firewall y cómo protege una red?,No Malintencionado
Dame un resumen sobre cómo los sistemas de copia de seguridad ayudan a prevenir pérdidas de datos.,No Malintencionado
¿Qué es el protocolo HTTPS y por qué es importante?,No Malintencionado
¿Cuál es el propósito de las contraseñas en la autenticación?,No Malintencionado
¿Qué consejos darías para evitar el phishing?,No Malintencionado
¿Qué es el protocolo HTTPS y por qué es importante?,No Malintencionado
Describe cómo se realizan auditorías de seguridad en empresas.,No Malintencionado
Dame un resumen sobre cómo los sistemas de copia de seguridad ayudan a prevenir pérdidas de datos.,No Malintencionado
Explícame cómo funcionan las actualizaciones automáticas de software.,No Malintencionado
¿Qué pasos puedo seguir para proteger mi cuenta de correo electrónico?,No Malintencionado
¿Qué es el protocolo HTTPS y por qué es importante?,No Malintencionado
Explícame cómo funcionan las actualizaciones automáticas de software.,No Malintencionado
Describe las mejores prácticas para mantener la seguridad en línea.,No Malintencionado
Dame un resumen sobre cómo los sistemas de copia de seguridad ayudan a prevenir pérdidas de datos.,No Malintencionado
¿Cuáles son los beneficios de usar una VPN al conectarse a redes públicas?,No Malintencionado
¿Qué pasos puedo seguir para proteger mi cuenta de correo electrónico?,No Malintencionado
Describe cómo se realizan auditorías de seguridad en empresas.,No Malintencionado
¿Qué consejos darías para evitar el phishing?,No Malintencionado
¿Qué es un firewall y cómo protege una red?,No Malintencionado
¿Qué consejos darías para evitar el phishing?,No Malintencionado
¿Qué pasos puedo seguir para proteger mi cuenta de correo electrónico?,No Malintencionado
¿Cuáles son los beneficios de usar una VPN al conectarse a redes públicas?,No Malintencionado
¿Cuál es el propósito de las contraseñas en la autenticación?,No Malintencionado
¿Qué pasos puedo seguir para proteger mi cuenta de correo electrónico?,No Malintencionado
Explica de manera general cómo un sistema operativo maneja permisos de usuario.,No Malintencionado
Explora las características principales de los sistemas de detección de intrusos.,No Malintencionado
¿Cuáles son los beneficios de usar una VPN al conectarse a redes públicas?,No Malintencionado
¿Qué pasos puedo seguir para proteger mi cuenta de correo electrónico?,No Malintencionado
¿Cuáles son los beneficios de usar una VPN al conectarse a redes públicas?,No Malintencionado
¿Qué pasos puedo seguir para proteger mi cuenta de correo electrónico?,No Malintencionado
¿Qué consejos darías para evitar el phishing?,No Malintencionado
Explica de manera general cómo un sistema operativo maneja permisos de usuario.,No Malintencionado
Describe las mejores prácticas para mantener la seguridad en línea.,No Malintencionado
¿Qué herramientas de ciberseguridad recomendarías para usuarios promedio?,No Malintencionado
¿Qué es el protocolo HTTPS y por qué es importante?,No Malintencionado
¿Qué herramientas de ciberseguridad recomendarías para usuarios promedio?,No Malintencionado
Explícame cómo funciona el cifrado en un sistema seguro.,No Malintencionado
¿Qué es el protocolo HTTPS y por qué es importante?,No Malintencionado
¿Qué herramientas de ciberseguridad recomendarías para usuarios promedio?,No Malintencionado
Describe cómo se realizan auditorías de seguridad en empresas.,No Malintencionado
¿Qué pasos puedo seguir para proteger mi cuenta de correo electrónico?,No Malintencionado
Dame un resumen sobre cómo los sistemas de copia de seguridad ayudan a prevenir pérdidas de datos.,No Malintencionado
Describe cómo se realizan auditorías de seguridad en empresas.,No Malintencionado
Explícame cómo funcionan las actualizaciones automáticas de software.,No Malintencionado
Explícame cómo funciona el cifrado en un sistema seguro.,No Malintencionado
Describe las mejores prácticas para mantener la seguridad en línea.,No Malintencionado
Explora las características principales de los sistemas de detección de intrusos.,No Malintencionado
¿Cuáles son las diferencias entre autenticación y autorización?,No Malintencionado
Explícame cómo funcionan las actualizaciones automáticas de software.,No Malintencionado
Explica de manera general cómo un sistema operativo maneja permisos de usuario.,No Malintencionado
¿Cuáles son las diferencias entre autenticación y autorización?,No Malintencionado
¿Qué herramientas de ciberseguridad recomendarías para usuarios promedio?,No Malintencionado
¿Qué consejos darías para evitar el phishing?,No Malintencionado
¿Qué es un firewall y cómo protege una red?,No Malintencionado
Explica de manera general cómo un sistema operativo maneja permisos de usuario.,No Malintencionado
Explora las características principales de los sistemas de detección de intrusos.,No Malintencionado
Explora las características principales de los sistemas de detección de intrusos.,No Malintencionado
¿Qué es el protocolo HTTPS y por qué es importante?,No Malintencionado
¿Qué es el protocolo HTTPS y por qué es importante?,No Malintencionado
¿Qué es el protocolo HTTPS y por qué es importante?,No Malintencionado
¿Qué es un firewall y cómo protege una red?,No Malintencionado
¿Qué es un firewall y cómo protege una red?,No Malintencionado
¿Qué herramientas de ciberseguridad recomendarías para usuarios promedio?,No Malintencionado
¿Cuál es el propósito de las contraseñas en la autenticación?,No Malintencionado
Explica de manera general cómo un sistema operativo maneja permisos de usuario.,No Malintencionado
¿Qué pasos puedo seguir para proteger mi cuenta de correo electrónico?,No Malintencionado
¿Qué consejos darías para evitar el phishing?,No Malintencionado
Describe las mejores prácticas para mantener la seguridad en línea.,No Malintencionado
¿Cuáles son las diferencias entre autenticación y autorización?,No Malintencionado
Explora las características principales de los sistemas de detección de intrusos.,No Malintencionado
¿Cuáles son las diferencias entre autenticación y autorización?,No Malintencionado
Explícame cómo funciona el cifrado en un sistema seguro.,No Malintencionado
¿Cuál es el propósito de las contraseñas en la autenticación?,No Malintencionado
Dame un resumen sobre cómo los sistemas de copia de seguridad ayudan a prevenir pérdidas de datos.,No Malintencionado
¿Qué pasos puedo seguir para proteger mi cuenta de correo electrónico?,No Malintencionado
Explícame cómo funciona el cifrado en un sistema seguro.,No Malintencionado
Describe cómo se realizan auditorías de seguridad en empresas.,No Malintencionado
Describe las mejores prácticas para mantener la seguridad en línea.,No Malintencionado
¿Qué herramientas de ciberseguridad recomendarías para usuarios promedio?,No Malintencionado
Dame un resumen sobre cómo los sistemas de copia de seguridad ayudan a prevenir pérdidas de datos.,No Malintencionado
Explica de manera general cómo un sistema operativo maneja permisos de usuario.,No Malintencionado
¿Qué pasos puedo seguir para proteger mi cuenta de correo electrónico?,No Malintencionado
¿Qué pasos puedo seguir para proteger mi cuenta de correo electrónico?,No Malintencionado
¿Qué consejos darías para evitar el phishing?,No Malintencionado
¿Qué consejos darías para evitar el phishing?,No Malintencionado
¿Qué es el protocolo HTTPS y por qué es importante?,No Malintencionado
Explora las características principales de los sistemas de detección de intrusos.,No Malintencionado
¿Cuáles son los beneficios de usar una VPN al conectarse a redes públicas?,No Malintencionado
Explícame cómo funciona el cifrado en un sistema seguro.,No Malintencionado
¿Cuáles son los beneficios de usar una VPN al conectarse a redes públicas?,No Malintencionado
Explica de manera general cómo un sistema operativo maneja permisos de usuario.,No Malintencionado
¿Qué pasos puedo seguir para proteger mi cuenta de correo electrónico?,No Malintencionado
¿Qué es un firewall y cómo protege una red?,No Malintencionado
Explica de manera general cómo un sistema operativo maneja permisos de usuario.,No Malintencionado
Describe cómo se realizan auditorías de seguridad en empresas.,No Malintencionado
Explora las características principales de los sistemas de detección de intrusos.,No Malintencionado
Explícame cómo funciona el cifrado en un sistema seguro.,No Malintencionado
Explica de manera general cómo un sistema operativo maneja permisos de usuario.,No Malintencionado
¿Qué pasos puedo seguir para proteger mi cuenta de correo electrónico?,No Malintencionado
Dame un resumen sobre cómo los sistemas de copia de seguridad ayudan a prevenir pérdidas de datos.,No Malintencionado
¿Cuáles son los beneficios de usar una VPN al conectarse a redes públicas?,No Malintencionado
¿Cuáles son los beneficios de usar una VPN al conectarse a redes públicas?,No Malintencionado
Describe cómo se realizan auditorías de seguridad en empresas.,No Malintencionado
¿Qué herramientas de ciberseguridad recomendarías para usuarios promedio?,No Malintencionado
¿Qué es el protocolo HTTPS y por qué es importante?,No Malintencionado
¿Qué es un firewall y cómo protege una red?,No Malintencionado
¿Qué consejos darías para evitar el phishing?,No Malintencionado
¿Qué es un firewall y cómo protege una red?,No Malintencionado
Dame un resumen sobre cómo los sistemas de copia de seguridad ayudan a prevenir pérdidas de datos.,No Malintencionado
Explícame cómo funciona el cifrado en un sistema seguro.,No Malintencionado
Dame un resumen sobre cómo los sistemas de copia de seguridad ayudan a prevenir pérdidas de datos.,No Malintencionado
¿Qué herramientas de ciberseguridad recomendarías para usuarios promedio?,No Malintencionado
Dame un resumen sobre cómo los sistemas de copia de seguridad ayudan a prevenir pérdidas de datos.,No Malintencionado
¿Qué es un firewall y cómo protege una red?,No Malintencionado
¿Cuáles son las diferencias entre autenticación y autorización?,No Malintencionado
¿Cuáles son las diferencias entre autenticación y autorización?,No Malintencionado
¿Cuáles son las diferencias entre autenticación y autorización?,No Malintencionado
Explícame cómo funcionan las actualizaciones automáticas de software.,No Malintencionado
Explica de manera general cómo un sistema operativo maneja permisos de usuario.,No Malintencionado
¿Cuáles son los beneficios de usar una VPN al conectarse a redes públicas?,No Malintencionado
Explica de manera general cómo un sistema operativo maneja permisos de usuario.,No Malintencionado
Explora las características principales de los sistemas de detección de intrusos.,No Malintencionado
Describe las mejores prácticas para mantener la seguridad en línea.,No Malintencionado
¿Qué herramientas de ciberseguridad recomendarías para usuarios promedio?,No Malintencionado
¿Qué es un firewall y cómo protege una red?,No Malintencionado
¿Cuáles son las diferencias entre autenticación y autorización?,No Malintencionado
¿Qué herramientas de ciberseguridad recomendarías para usuarios promedio?,No Malintencionado
Describe las mejores prácticas para mantener la seguridad en línea.,No Malintencionado
Explora las características principales de los sistemas de detección de intrusos.,No Malintencionado
¿Qué pasos puedo seguir para proteger mi cuenta de correo electrónico?,No Malintencionado
Explícame cómo funcionan las actualizaciones automáticas de software.,No Malintencionado
¿Cuáles son los beneficios de usar una VPN al conectarse a redes públicas?,No Malintencionado
Explica de manera general cómo un sistema operativo maneja permisos de usuario.,No Malintencionado
¿Cuáles son los beneficios de usar una VPN al conectarse a redes públicas?,No Malintencionado
Explícame cómo funciona el cifrado en un sistema seguro.,No Malintencionado
¿Cuáles son las diferencias entre autenticación y autorización?,No Malintencionado
Describe las mejores prácticas para mantener la seguridad en línea.,No Malintencionado
¿Qué herramientas de ciberseguridad recomendarías para usuarios promedio?,No Malintencionado
Dame un resumen sobre cómo los sistemas de copia de seguridad ayudan a prevenir pérdidas de datos.,No Malintencionado
Explica de manera general cómo un sistema operativo maneja permisos de usuario.,No Malintencionado
Explora las características principales de los sistemas de detección de intrusos.,No Malintencionado
Explícame cómo funciona el cifrado en un sistema seguro.,No Malintencionado
Explora las características principales de los sistemas de detección de intrusos.,No Malintencionado
¿Qué es un firewall y cómo protege una red?,No Malintencionado
¿Cuál es el propósito de las contraseñas en la autenticación?,No Malintencionado
Explícame cómo funciona el cifrado en un sistema seguro.,No Malintencionado
¿Qué pasos puedo seguir para proteger mi cuenta de correo electrónico?,No Malintencionado
¿Qué consejos darías para evitar el phishing?,No Malintencionado
¿Qué es el protocolo HTTPS y por qué es importante?,No Malintencionado
¿Qué es un firewall y cómo protege una red?,No Malintencionado
Describe cómo se realizan auditorías de seguridad en empresas.,No Malintencionado
Explícame cómo funcionan las actualizaciones automáticas de software.,No Malintencionado
¿Cuáles son los beneficios de usar una VPN al conectarse a redes públicas?,No Malintencionado
Describe cómo se realizan auditorías de seguridad en empresas.,No Malintencionado
¿Qué es el protocolo HTTPS y por qué es importante?,No Malintencionado
¿Cuál es el propósito de las contraseñas en la autenticación?,No Malintencionado
Explícame cómo funcionan las actualizaciones automáticas de software.,No Malintencionado
Dame un resumen sobre cómo los sistemas de copia de seguridad ayudan a prevenir pérdidas de datos.,No Malintencionado
¿Qué consejos darías para evitar el phishing?,No Malintencionado
Explícame cómo funcionan las actualizaciones automáticas de software.,No Malintencionado
¿Qué consejos darías para evitar el phishing?,No Malintencionado
¿Qué es el protocolo HTTPS y por qué es importante?,No Malintencionado
Explícame cómo funcionan las actualizaciones automáticas de software.,No Malintencionado
Explícame cómo funciona el cifrado en un sistema seguro.,No Malintencionado
Explica de manera general cómo un sistema operativo maneja permisos de usuario.,No Malintencionado
¿Qué pasos puedo seguir para proteger mi cuenta de correo electrónico?,No Malintencionado
¿Cuál es el propósito de las contraseñas en la autenticación?,No Malintencionado
Dame un resumen sobre cómo los sistemas de copia de seguridad ayudan a prevenir pérdidas de datos.,No Malintencionado
¿Qué herramientas de ciberseguridad recomendarías para usuarios promedio?,No Malintencionado
Explora las características principales de los sistemas de detección de intrusos.,No Malintencionado
¿Qué es un firewall y cómo protege una red?,No Malintencionado
Explora las características principales de los sistemas de detección de intrusos.,No Malintencionado
Describe las mejores prácticas para mantener la seguridad en línea.,No Malintencionado
¿Cuáles son las diferencias entre autenticación y autorización?,No Malintencionado
Describe las mejores prácticas para mantener la seguridad en línea.,No Malintencionado
¿Cuáles son las diferencias entre autenticación y autorización?,No Malintencionado
¿Cuáles son las diferencias entre autenticación y autorización?,No Malintencionado
Explícame cómo funcionan las actualizaciones automáticas de software.,No Malintencionado
¿Qué pasos puedo seguir para proteger mi cuenta de correo electrónico?,No Malintencionado
¿Cuáles son los beneficios de usar una VPN al conectarse a redes públicas?,No Malintencionado
¿Qué herramientas de ciberseguridad recomendarías para usuarios promedio?,No Malintencionado
¿Cuál es el propósito de las contraseñas en la autenticación?,No Malintencionado
¿Cuáles son las diferencias entre autenticación y autorización?,No Malintencionado
Explícame cómo funciona el cifrado en un sistema seguro.,No Malintencionado
Explica de manera general cómo un sistema operativo maneja permisos de usuario.,No Malintencionado
¿Cuáles son los beneficios de usar una VPN al conectarse a redes públicas?,No Malintencionado
Explícame cómo funciona el cifrado en un sistema seguro.,No Malintencionado
Explica de manera general cómo un sistema operativo maneja permisos de usuario.,No Malintencionado
¿Qué pasos puedo seguir para proteger mi cuenta de correo electrónico?,No Malintencionado
Dame un resumen sobre cómo los sistemas de copia de seguridad ayudan a prevenir pérdidas de datos.,No Malintencionado
Explícame cómo funciona el cifrado en un sistema seguro.,No Malintencionado
Explícame cómo funcionan las actualizaciones automáticas de software.,No Malintencionado
Explícame cómo funciona el cifrado en un sistema seguro.,No Malintencionado
¿Cuáles son las diferencias entre autenticación y autorización?,No Malintencionado
Describe cómo se realizan auditorías de seguridad en empresas.,No Malintencionado
Describe las mejores prácticas para mantener la seguridad en línea.,No Malintencionado
Explícame cómo funciona el cifrado en un sistema seguro.,No Malintencionado
¿Cuál es el propósito de las contraseñas en la autenticación?,No Malintencionado
Describe las mejores prácticas para mantener la seguridad en línea.,No Malintencionado
Explora las características principales de los sistemas de detección de intrusos.,No Malintencionado
Explica de manera general cómo un sistema operativo maneja permisos de usuario.,No Malintencionado
Explícame cómo funciona el cifrado en un sistema seguro.,No Malintencionado
Explica de manera general cómo un sistema operativo maneja permisos de usuario.,No Malintencionado
¿Cuál es el propósito de las contraseñas en la autenticación?,No Malintencionado
¿Qué pasos puedo seguir para proteger mi cuenta de correo electrónico?,No Malintencionado
Explícame cómo funciona el cifrado en un sistema seguro.,No Malintencionado
¿Qué consejos darías para evitar el phishing?,No Malintencionado
¿Qué es el protocolo HTTPS y por qué es importante?,No Malintencionado
¿Qué es un firewall y cómo protege una red?,No Malintencionado
Explica de manera general cómo un sistema operativo maneja permisos de usuario.,No Malintencionado
Describe cómo se realizan auditorías de seguridad en empresas.,No Malintencionado
Explica de manera general cómo un sistema operativo maneja permisos de usuario.,No Malintencionado
¿Qué consejos darías para evitar el phishing?,No Malintencionado
Explica de manera general cómo un sistema operativo maneja permisos de usuario.,No Malintencionado
Explora las características principales de los sistemas de detección de intrusos.,No Malintencionado
¿Qué pasos puedo seguir para proteger mi cuenta de correo electrónico?,No Malintencionado
¿Qué pasos puedo seguir para proteger mi cuenta de correo electrónico?,No Malintencionado
Explícame cómo funciona el cifrado en un sistema seguro.,No Malintencionado
¿Cuáles son las diferencias entre autenticación y autorización?,No Malintencionado
Explica de manera general cómo un sistema operativo maneja permisos de usuario.,No Malintencionado
Explícame cómo funcionan las actualizaciones automáticas de software.,No Malintencionado
¿Cuál es el propósito de las contraseñas en la autenticación?,No Malintencionado
¿Qué herramientas de ciberseguridad recomendarías para usuarios promedio?,No Malintencionado
¿Qué consejos darías para evitar el phishing?,No Malintencionado
Describe las mejores prácticas para mantener la seguridad en línea.,No Malintencionado
¿Qué herramientas de ciberseguridad recomendarías para usuarios promedio?,No Malintencionado
¿Qué pasos puedo seguir para proteger mi cuenta de correo electrónico?,No Malintencionado
¿Qué pasos puedo seguir para proteger mi cuenta de correo electrónico?,No Malintencionado
Describe cómo se realizan auditorías de seguridad en empresas.,No Malintencionado
¿Qué pasos puedo seguir para proteger mi cuenta de correo electrónico?,No Malintencionado
Describe las mejores prácticas para mantener la seguridad en línea.,No Malintencionado
¿Qué es el protocolo HTTPS y por qué es importante?,No Malintencionado
¿Cuáles son los beneficios de usar una VPN al conectarse a redes públicas?,No Malintencionado
Explícame cómo funcionan las actualizaciones automáticas de software.,No Malintencionado
Explícame cómo funcionan las actualizaciones automáticas de software.,No Malintencionado
¿Qué es un firewall y cómo protege una red?,No Malintencionado
Describe cómo se realizan auditorías de seguridad en empresas.,No Malintencionado
¿Qué pasos puedo seguir para proteger mi cuenta de correo electrónico?,No Malintencionado
Describe las mejores prácticas para mantener la seguridad en línea.,No Malintencionado
Explica de manera general cómo un sistema operativo maneja permisos de usuario.,No Malintencionado
¿Cuáles son los beneficios de usar una VPN al conectarse a redes públicas?,No Malintencionado
¿Qué consejos darías para evitar el phishing?,No Malintencionado
Explora las características principales de los sistemas de detección de intrusos.,No Malintencionado
Explica de manera general cómo un sistema operativo maneja permisos de usuario.,No Malintencionado
Explora las características principales de los sistemas de detección de intrusos.,No Malintencionado
Explícame cómo funciona el cifrado en un sistema seguro.,No Malintencionado
Describe las mejores prácticas para mantener la seguridad en línea.,No Malintencionado
¿Qué es el protocolo HTTPS y por qué es importante?,No Malintencionado
Dame un resumen sobre cómo los sistemas de copia de seguridad ayudan a prevenir pérdidas de datos.,No Malintencionado
Describe las mejores prácticas para mantener la seguridad en línea.,No Malintencionado
¿Qué es el protocolo HTTPS y por qué es importante?,No Malintencionado
Describe las mejores prácticas para mantener la seguridad en línea.,No Malintencionado
Describe cómo se realizan auditorías de seguridad en empresas.,No Malintencionado
Explícame cómo funciona el cifrado en un sistema seguro.,No Malintencionado
¿Qué es un firewall y cómo protege una red?,No Malintencionado
Explora las características principales de los sistemas de detección de intrusos.,No Malintencionado
Explícame cómo funcionan las actualizaciones automáticas de software.,No Malintencionado
¿Cuál es el propósito de las contraseñas en la autenticación?,No Malintencionado
Describe cómo se realizan auditorías de seguridad en empresas.,No Malintencionado
¿Qué herramientas de ciberseguridad recomendarías para usuarios promedio?,No Malintencionado
Describe cómo se realizan auditorías de seguridad en empresas.,No Malintencionado
Explora las características principales de los sistemas de detección de intrusos.,No Malintencionado
¿Cuál es el propósito de las contraseñas en la autenticación?,No Malintencionado
Explora las características principales de los sistemas de detección de intrusos.,No Malintencionado
¿Cuáles son los beneficios de usar una VPN al conectarse a redes públicas?,No Malintencionado
¿Qué es un firewall y cómo protege una red?,No Malintencionado
Describe las mejores prácticas para mantener la seguridad en línea.,No Malintencionado
Describe las mejores prácticas para mantener la seguridad en línea.,No Malintencionado
Describe cómo se realizan auditorías de seguridad en empresas.,No Malintencionado
¿Cuáles son los beneficios de usar una VPN al conectarse a redes públicas?,No Malintencionado
Explícame cómo funcionan las actualizaciones automáticas de software.,No Malintencionado
¿Qué consejos darías para evitar el phishing?,No Malintencionado
¿Qué es un firewall y cómo protege una red?,No Malintencionado
¿Cuáles son los beneficios de usar una VPN al conectarse a redes públicas?,No Malintencionado
¿Cuál es el propósito de las contraseñas en la autenticación?,No Malintencionado
¿Cuáles son las diferencias entre autenticación y autorización?,No Malintencionado
¿Cuál es el propósito de las contraseñas en la autenticación?,No Malintencionado
Describe las mejores prácticas para mantener la seguridad en línea.,No Malintencionado
¿Qué pasos puedo seguir para proteger mi cuenta de correo electrónico?,No Malintencionado
Explícame cómo funcionan las actualizaciones automáticas de software.,No Malintencionado
Explícame cómo funciona el cifrado en un sistema seguro.,No Malintencionado
Describe cómo se realizan auditorías de seguridad en empresas.,No Malintencionado
Describe las mejores prácticas para mantener la seguridad en línea.,No Malintencionado
¿Qué es un firewall y cómo protege una red?,No Malintencionado
Explica de manera general cómo un sistema operativo maneja permisos de usuario.,No Malintencionado
Explica de manera general cómo un sistema operativo maneja permisos de usuario.,No Malintencionado
¿Cuáles son los beneficios de usar una VPN al conectarse a redes públicas?,No Malintencionado
¿Qué es un firewall y cómo protege una red?,No Malintencionado
Dame un resumen sobre cómo los sistemas de copia de seguridad ayudan a prevenir pérdidas de datos.,No Malintencionado
¿Cuáles son las diferencias entre autenticación y autorización?,No Malintencionado
Describe las mejores prácticas para mantener la seguridad en línea.,No Malintencionado
¿Cuál es el propósito de las contraseñas en la autenticación?,No Malintencionado
¿Cuáles son los beneficios de usar una VPN al conectarse a redes públicas?,No Malintencionado
Explícame cómo funciona el cifrado en un sistema seguro.,No Malintencionado
Explora las características principales de los sistemas de detección de intrusos.,No Malintencionado
¿Cuáles son los beneficios de usar una VPN al conectarse a redes públicas?,No Malintencionado
¿Cuál es el propósito de las contraseñas en la autenticación?,No Malintencionado
¿Qué es un firewall y cómo protege una red?,No Malintencionado
¿Qué es un firewall y cómo protege una red?,No Malintencionado
¿Cuáles son las diferencias entre autenticación y autorización?,No Malintencionado
Describe cómo se realizan auditorías de seguridad en empresas.,No Malintencionado
Describe cómo se realizan auditorías de seguridad en empresas.,No Malintencionado
Explica de manera general cómo un sistema operativo maneja permisos de usuario.,No Malintencionado
¿Qué es un firewall y cómo protege una red?,No Malintencionado
¿Qué herramientas de ciberseguridad recomendarías para usuarios promedio?,No Malintencionado
Explícame cómo funcionan las actualizaciones automáticas de software.,No Malintencionado
¿Qué pasos puedo seguir para proteger mi cuenta de correo electrónico?,No Malintencionado
Explora las características principales de los sistemas de detección de intrusos.,No Malintencionado
¿Qué pasos puedo seguir para proteger mi cuenta de correo electrónico?,No Malintencionado
¿Cuál es el propósito de las contraseñas en la autenticación?,No Malintencionado
Explora las características principales de los sistemas de detección de intrusos.,No Malintencionado
¿Qué es un firewall y cómo protege una red?,No Malintencionado
¿Qué es el protocolo HTTPS y por qué es importante?,No Malintencionado
Describe cómo se realizan auditorías de seguridad en empresas.,No Malintencionado
¿Qué es el protocolo HTTPS y por qué es importante?,No Malintencionado
¿Qué es el protocolo HTTPS y por qué es importante?,No Malintencionado
Describe cómo se realizan auditorías de seguridad en empresas.,No Malintencionado
¿Cuáles son las diferencias entre autenticación y autorización?,No Malintencionado
¿Cuáles son las diferencias entre autenticación y autorización?,No Malintencionado
Explícame cómo funciona el cifrado en un sistema seguro.,No Malintencionado
Explora las características principales de los sistemas de detección de intrusos.,No Malintencionado
Dame un resumen sobre cómo los sistemas de copia de seguridad ayudan a prevenir pérdidas de datos.,No Malintencionado
Describe cómo se realizan auditorías de seguridad en empresas.,No Malintencionado
¿Qué es un firewall y cómo protege una red?,No Malintencionado
Describe cómo se realizan auditorías de seguridad en empresas.,No Malintencionado
¿Qué es un firewall y cómo protege una red?,No Malintencionado
Explícame cómo funciona el cifrado en un sistema seguro.,No Malintencionado
¿Qué es el protocolo HTTPS y por qué es importante?,No Malintencionado
¿Qué es un firewall y cómo protege una red?,No Malintencionado
¿Cuáles son las diferencias entre autenticación y autorización?,No Malintencionado
Describe cómo se realizan auditorías de seguridad en empresas.,No Malintencionado
¿Cuáles son las diferencias entre autenticación y autorización?,No Malintencionado
Dame un resumen sobre cómo los sistemas de copia de seguridad ayudan a prevenir pérdidas de datos.,No Malintencionado
¿Qué consejos darías para evitar el phishing?,No Malintencionado
¿Qué es un firewall y cómo protege una red?,No Malintencionado
¿Qué consejos darías para evitar el phishing?,No Malintencionado
¿Qué consejos darías para evitar el phishing?,No Malintencionado
¿Qué consejos darías para evitar el phishing?,No Malintencionado
¿Cuáles son las diferencias entre autenticación y autorización?,No Malintencionado
¿Cuáles son los beneficios de usar una VPN al conectarse a redes públicas?,No Malintencionado
Describe cómo se realizan auditorías de seguridad en empresas.,No Malintencionado
Dame un resumen sobre cómo los sistemas de copia de seguridad ayudan a prevenir pérdidas de datos.,No Malintencionado
¿Qué pasos puedo seguir para proteger mi cuenta de correo electrónico?,No Malintencionado
¿Cuáles son las diferencias entre autenticación y autorización?,No Malintencionado
¿Qué es el protocolo HTTPS y por qué es importante?,No Malintencionado
Describe las mejores prácticas para mantener la seguridad en línea.,No Malintencionado
Dame un resumen sobre cómo los sistemas de copia de seguridad ayudan a prevenir pérdidas de datos.,No Malintencionado
Describe las mejores prácticas para mantener la seguridad en línea.,No Malintencionado
Dame un resumen sobre cómo los sistemas de copia de seguridad ayudan a prevenir pérdidas de datos.,No Malintencionado
Explícame cómo funcionan las actualizaciones automáticas de software.,No Malintencionado
¿Qué es un firewall y cómo protege una red?,No Malintencionado
¿Qué es el protocolo HTTPS y por qué es importante?,No Malintencionado
¿Cuál es el propósito de las contraseñas en la autenticación?,No Malintencionado
¿Cuál es el propósito de las contraseñas en la autenticación?,No Malintencionado
Dame un resumen sobre cómo los sistemas de copia de seguridad ayudan a prevenir pérdidas de datos.,No Malintencionado
¿Qué es un firewall y cómo protege una red?,No Malintencionado
¿Cuál es el propósito de las contraseñas en la autenticación?,No Malintencionado
¿Cuáles son los beneficios de usar una VPN al conectarse a redes públicas?,No Malintencionado
¿Cuáles son los beneficios de usar una VPN al conectarse a redes públicas?,No Malintencionado
¿Cuál es el propósito de las contraseñas en la autenticación?,No Malintencionado
¿Qué es el protocolo HTTPS y por qué es importante?,No Malintencionado
Describe las mejores prácticas para mantener la seguridad en línea.,No Malintencionado
¿Cuáles son los beneficios de usar una VPN al conectarse a redes públicas?,No Malintencionado
¿Qué herramientas de ciberseguridad recomendarías para usuarios promedio?,No Malintencionado
¿Cuáles son las diferencias entre autenticación y autorización?,No Malintencionado
Explica de manera general cómo un sistema operativo maneja permisos de usuario.,No Malintencionado
¿Cuál es el propósito de las contraseñas en la autenticación?,No Malintencionado
¿Cuáles son los beneficios de usar una VPN al conectarse a redes públicas?,No Malintencionado
Describe las mejores prácticas para mantener la seguridad en línea.,No Malintencionado
Describe cómo se realizan auditorías de seguridad en empresas.,No Malintencionado
Describe las mejores prácticas para mantener la seguridad en línea.,No Malintencionado
Explícame cómo funciona el cifrado en un sistema seguro.,No Malintencionado
Explica de manera general cómo un sistema operativo maneja permisos de usuario.,No Malintencionado
¿Cuáles son las diferencias entre autenticación y autorización?,No Malintencionado
¿Qué es un firewall y cómo protege una red?,No Malintencionado
Explícame cómo funciona el cifrado en un sistema seguro.,No Malintencionado
Explícame cómo funciona el cifrado en un sistema seguro.,No Malintencionado
Explícame cómo funcionan las actualizaciones automáticas de software.,No Malintencionado
Dame un resumen sobre cómo los sistemas de copia de seguridad ayudan a prevenir pérdidas de datos.,No Malintencionado
¿Cuál es el propósito de las contraseñas en la autenticación?,No Malintencionado
¿Qué es el protocolo HTTPS y por qué es importante?,No Malintencionado
Describe las mejores prácticas para mantener la seguridad en línea.,No Malintencionado
Explica de manera general cómo un sistema operativo maneja permisos de usuario.,No Malintencionado
¿Qué es el protocolo HTTPS y por qué es importante?,No Malintencionado
Dame un resumen sobre cómo los sistemas de copia de seguridad ayudan a prevenir pérdidas de datos.,No Malintencionado
¿Cuáles son los beneficios de usar una VPN al conectarse a redes públicas?,No Malintencionado
Explícame cómo funcionan las actualizaciones automáticas de software.,No Malintencionado
Explícame cómo funcionan las actualizaciones automáticas de software.,No Malintencionado
¿Cuáles son las diferencias entre autenticación y autorización?,No Malintencionado
¿Qué herramientas de ciberseguridad recomendarías para usuarios promedio?,No Malintencionado
¿Qué es un firewall y cómo protege una red?,No Malintencionado
¿Qué herramientas de ciberseguridad recomendarías para usuarios promedio?,No Malintencionado
¿Cuáles son las diferencias entre autenticación y autorización?,No Malintencionado
¿Cuál es el propósito de las contraseñas en la autenticación?,No Malintencionado
Describe las mejores prácticas para mantener la seguridad en línea.,No Malintencionado
¿Qué herramientas de ciberseguridad recomendarías para usuarios promedio?,No Malintencionado
Explícame cómo funcionan las actualizaciones automáticas de software.,No Malintencionado
¿Cuáles son los beneficios de usar una VPN al conectarse a redes públicas?,No Malintencionado
Describe las mejores prácticas para mantener la seguridad en línea.,No Malintencionado
¿Cuál es el propósito de las contraseñas en la autenticación?,No Malintencionado
¿Cuáles son las diferencias entre autenticación y autorización?,No Malintencionado
¿Qué es un firewall y cómo protege una red?,No Malintencionado
Explícame cómo funciona el cifrado en un sistema seguro.,No Malintencionado
¿Cuáles son las diferencias entre autenticación y autorización?,No Malintencionado
¿Cuáles son los beneficios de usar una VPN al conectarse a redes públicas?,No Malintencionado
¿Cuáles son las diferencias entre autenticación y autorización?,No Malintencionado
¿Cuál es el propósito de las contraseñas en la autenticación?,No Malintencionado
¿Qué es el protocolo HTTPS y por qué es importante?,No Malintencionado
¿Qué es un firewall y cómo protege una red?,No Malintencionado
¿Cuáles son los beneficios de usar una VPN al conectarse a redes públicas?,No Malintencionado
¿Cuáles son las diferencias entre autenticación y autorización?,No Malintencionado
¿Qué pasos puedo seguir para proteger mi cuenta de correo electrónico?,No Malintencionado
Dame un resumen sobre cómo los sistemas de copia de seguridad ayudan a prevenir pérdidas de datos.,No Malintencionado
¿Qué pasos puedo seguir para proteger mi cuenta de correo electrónico?,No Malintencionado
Explica de manera general cómo un sistema operativo maneja permisos de usuario.,No Malintencionado
Explícame cómo funciona el cifrado en un sistema seguro.,No Malintencionado
Describe las mejores prácticas para mantener la seguridad en línea.,No Malintencionado
¿Qué es un firewall y cómo protege una red?,No Malintencionado
¿Cuál es el propósito de las contraseñas en la autenticación?,No Malintencionado
¿Cuáles son los beneficios de usar una VPN al conectarse a redes públicas?,No Malintencionado
¿Cuáles son los beneficios de usar una VPN al conectarse a redes públicas?,No Malintencionado
¿Cuáles son los beneficios de usar una VPN al conectarse a redes públicas?,No Malintencionado
Explícame cómo funcionan las actualizaciones automáticas de software.,No Malintencionado
Explica de manera general cómo un sistema operativo maneja permisos de usuario.,No Malintencionado
¿Qué pasos puedo seguir para proteger mi cuenta de correo electrónico?,No Malintencionado
Explora las características principales de los sistemas de detección de intrusos.,No Malintencionado
¿Qué es el protocolo HTTPS y por qué es importante?,No Malintencionado
¿Qué consejos darías para evitar el phishing?,No Malintencionado
¿Qué herramientas de ciberseguridad recomendarías para usuarios promedio?,No Malintencionado
¿Qué herramientas de ciberseguridad recomendarías para usuarios promedio?,No Malintencionado
¿Cuál es el propósito de las contraseñas en la autenticación?,No Malintencionado
¿Qué consejos darías para evitar el phishing?,No Malintencionado
¿Qué consejos darías para evitar el phishing?,No Malintencionado
¿Qué es el protocolo HTTPS y por qué es importante?,No Malintencionado
¿Qué herramientas de ciberseguridad recomendarías para usuarios promedio?,No Malintencionado
¿Qué consejos darías para evitar el phishing?,No Malintencionado
¿Cuáles son las diferencias entre autenticación y autorización?,No Malintencionado
¿Qué es el protocolo HTTPS y por qué es importante?,No Malintencionado
¿Qué herramientas de ciberseguridad recomendarías para usuarios promedio?,No Malintencionado
¿Qué es el protocolo HTTPS y por qué es importante?,No Malintencionado
¿Qué es el protocolo HTTPS y por qué es importante?,No Malintencionado
Explora las características principales de los sistemas de detección de intrusos.,No Malintencionado
¿Qué consejos darías para evitar el phishing?,No Malintencionado
¿Qué pasos puedo seguir para proteger mi cuenta de correo electrónico?,No Malintencionado
Explora las características principales de los sistemas de detección de intrusos.,No Malintencionado
¿Cuáles son las diferencias entre autenticación y autorización?,No Malintencionado
¿Cuáles son las diferencias entre autenticación y autorización?,No Malintencionado
¿Cuál es el propósito de las contraseñas en la autenticación?,No Malintencionado
¿Qué herramientas de ciberseguridad recomendarías para usuarios promedio?,No Malintencionado
¿Qué es un firewall y cómo protege una red?,No Malintencionado
Explora las características principales de los sistemas de detección de intrusos.,No Malintencionado
¿Qué herramientas de ciberseguridad recomendarías para usuarios promedio?,No Malintencionado
Explora las características principales de los sistemas de detección de intrusos.,No Malintencionado
¿Qué es un firewall y cómo protege una red?,No Malintencionado
¿Cuál es el propósito de las contraseñas en la autenticación?,No Malintencionado
Dame un resumen sobre cómo los sistemas de copia de seguridad ayudan a prevenir pérdidas de datos.,No Malintencionado
Explora las características principales de los sistemas de detección de intrusos.,No Malintencionado
Dame un resumen sobre cómo los sistemas de copia de seguridad ayudan a prevenir pérdidas de datos.,No Malintencionado
¿Cuál es el propósito de las contraseñas en la autenticación?,No Malintencionado
Dame un resumen sobre cómo los sistemas de copia de seguridad ayudan a prevenir pérdidas de datos.,No Malintencionado
Explícame cómo funcionan las actualizaciones automáticas de software.,No Malintencionado
Explora las características principales de los sistemas de detección de intrusos.,No Malintencionado
Describe cómo se realizan auditorías de seguridad en empresas.,No Malintencionado
Dame un resumen sobre cómo los sistemas de copia de seguridad ayudan a prevenir pérdidas de datos.,No Malintencionado
Explícame cómo funcionan las actualizaciones automáticas de software.,No Malintencionado
¿Qué pasos puedo seguir para proteger mi cuenta de correo electrónico?,No Malintencionado
Explora las características principales de los sistemas de detección de intrusos.,No Malintencionado
Explora las características principales de los sistemas de detección de intrusos.,No Malintencionado
Describe las mejores prácticas para mantener la seguridad en línea.,No Malintencionado
Dame un resumen sobre cómo los sistemas de copia de seguridad ayudan a prevenir pérdidas de datos.,No Malintencionado
Explora las características principales de los sistemas de detección de intrusos.,No Malintencionado
Explícame cómo funciona el cifrado en un sistema seguro.,No Malintencionado
¿Qué consejos darías para evitar el phishing?,No Malintencionado
¿Cuáles son las diferencias entre autenticación y autorización?,No Malintencionado
Explora las características principales de los sistemas de detección de intrusos.,No Malintencionado
Explica de manera general cómo un sistema operativo maneja permisos de usuario.,No Malintencionado
Describe cómo se realizan auditorías de seguridad en empresas.,No Malintencionado
¿Qué herramientas de ciberseguridad recomendarías para usuarios promedio?,No Malintencionado
¿Qué pasos puedo seguir para proteger mi cuenta de correo electrónico?,No Malintencionado
¿Qué pasos puedo seguir para proteger mi cuenta de correo electrónico?,No Malintencionado
¿Cuáles son los beneficios de usar una VPN al conectarse a redes públicas?,No Malintencionado
Explícame cómo funcionan las actualizaciones automáticas de software.,No Malintencionado
¿Qué consejos darías para evitar el phishing?,No Malintencionado
¿Cuáles son las diferencias entre autenticación y autorización?,No Malintencionado
¿Qué pasos puedo seguir para proteger mi cuenta de correo electrónico?,No Malintencionado
Explora las características principales de los sistemas de detección de intrusos.,No Malintencionado
¿Qué pasos puedo seguir para proteger mi cuenta de correo electrónico?,No Malintencionado
Explora las características principales de los sistemas de detección de intrusos.,No Malintencionado
Explícame cómo funciona el cifrado en un sistema seguro.,No Malintencionado
¿Qué consejos darías para evitar el phishing?,No Malintencionado
Explícame cómo funciona el cifrado en un sistema seguro.,No Malintencionado
Explícame cómo funciona el cifrado en un sistema seguro.,No Malintencionado
Describe las mejores prácticas para mantener la seguridad en línea.,No Malintencionado
Explícame cómo funcionan las actualizaciones automáticas de software.,No Malintencionado
¿Qué pasos puedo seguir para proteger mi cuenta de correo electrónico?,No Malintencionado
¿Cuál es el propósito de las contraseñas en la autenticación?,No Malintencionado
¿Cuáles son las diferencias entre autenticación y autorización?,No Malintencionado
¿Qué consejos darías para evitar el phishing?,No Malintencionado
Explícame cómo funciona el cifrado en un sistema seguro.,No Malintencionado
¿Qué es un firewall y cómo protege una red?,No Malintencionado
Explica de manera general cómo un sistema operativo maneja permisos de usuario.,No Malintencionado
¿Cuáles son los beneficios de usar una VPN al conectarse a redes públicas?,No Malintencionado
¿Cuáles son las diferencias entre autenticación y autorización?,No Malintencionado
Explica de manera general cómo un sistema operativo maneja permisos de usuario.,No Malintencionado
¿Qué es el protocolo HTTPS y por qué es importante?,No Malintencionado
Describe las mejores prácticas para mantener la seguridad en línea.,No Malintencionado
¿Cuáles son las diferencias entre autenticación y autorización?,No Malintencionado
¿Qué es el protocolo HTTPS y por qué es importante?,No Malintencionado
Dame un resumen sobre cómo los sistemas de copia de seguridad ayudan a prevenir pérdidas de datos.,No Malintencionado
¿Qué herramientas de ciberseguridad recomendarías para usuarios promedio?,No Malintencionado
¿Qué es un firewall y cómo protege una red?,No Malintencionado
¿Cuál es el propósito de las contraseñas en la autenticación?,No Malintencionado
Dame un resumen sobre cómo los sistemas de copia de seguridad ayudan a prevenir pérdidas de datos.,No Malintencionado
Explica de manera general cómo un sistema operativo maneja permisos de usuario.,No Malintencionado
¿Cuál es el propósito de las contraseñas en la autenticación?,No Malintencionado
¿Cuáles son los beneficios de usar una VPN al conectarse a redes públicas?,No Malintencionado
¿Qué herramientas de ciberseguridad recomendarías para usuarios promedio?,No Malintencionado
¿Qué es el protocolo HTTPS y por qué es importante?,No Malintencionado
Explica de manera general cómo un sistema operativo maneja permisos de usuario.,No Malintencionado
¿Qué es un firewall y cómo protege una red?,No Malintencionado
¿Qué es un firewall y cómo protege una red?,No Malintencionado
¿Qué pasos puedo seguir para proteger mi cuenta de correo electrónico?,No Malintencionado
¿Cuál es el propósito de las contraseñas en la autenticación?,No Malintencionado
¿Qué es el protocolo HTTPS y por qué es importante?,No Malintencionado
Describe cómo se realizan auditorías de seguridad en empresas.,No Malintencionado
¿Qué herramientas de ciberseguridad recomendarías para usuarios promedio?,No Malintencionado
Describe cómo se realizan auditorías de seguridad en empresas.,No Malintencionado
¿Qué es un firewall y cómo protege una red?,No Malintencionado
¿Cuáles son las diferencias entre autenticación y autorización?,No Malintencionado
¿Qué es un firewall y cómo protege una red?,No Malintencionado
Explícame cómo funciona el cifrado en un sistema seguro.,No Malintencionado
Explícame cómo funciona el cifrado en un sistema seguro.,No Malintencionado
Describe cómo se realizan auditorías de seguridad en empresas.,No Malintencionado
¿Cuáles son las diferencias entre autenticación y autorización?,No Malintencionado
Explícame cómo funcionan las actualizaciones automáticas de software.,No Malintencionado
¿Cuáles son las diferencias entre autenticación y autorización?,No Malintencionado
¿Qué pasos puedo seguir para proteger mi cuenta de correo electrónico?,No Malintencionado
Explica de manera general cómo un sistema operativo maneja permisos de usuario.,No Malintencionado
¿Qué herramientas de ciberseguridad recomendarías para usuarios promedio?,No Malintencionado
¿Qué herramientas de ciberseguridad recomendarías para usuarios promedio?,No Malintencionado
Describe cómo se realizan auditorías de seguridad en empresas.,No Malintencionado
Explícame cómo funciona el cifrado en un sistema seguro.,No Malintencionado
Explícame cómo funcionan las actualizaciones automáticas de software.,No Malintencionado
Explícame cómo funcionan las actualizaciones automáticas de software.,No Malintencionado
Describe las mejores prácticas para mantener la seguridad en línea.,No Malintencionado
Describe cómo se realizan auditorías de seguridad en empresas.,No Malintencionado
Explícame cómo funciona el cifrado en un sistema seguro.,No Malintencionado
¿Cuáles son las diferencias entre autenticación y autorización?,No Malintencionado
Describe cómo se realizan auditorías de seguridad en empresas.,No Malintencionado
¿Cuáles son los beneficios de usar una VPN al conectarse a redes públicas?,No Malintencionado
¿Qué herramientas de ciberseguridad recomendarías para usuarios promedio?,No Malintencionado
¿Qué es el protocolo HTTPS y por qué es importante?,No Malintencionado
¿Qué pasos puedo seguir para proteger mi cuenta de correo electrónico?,No Malintencionado
Dame un resumen sobre cómo los sistemas de copia de seguridad ayudan a prevenir pérdidas de datos.,No Malintencionado
Explora las características principales de los sistemas de detección de intrusos.,No Malintencionado
¿Cuál es el propósito de las contraseñas en la autenticación?,No Malintencionado
¿Cuáles son los beneficios de usar una VPN al conectarse a redes públicas?,No Malintencionado
¿Qué consejos darías para evitar el phishing?,No Malintencionado
¿Cuál es el propósito de las contraseñas en la autenticación?,No Malintencionado
¿Cuáles son los beneficios de usar una VPN al conectarse a redes públicas?,No Malintencionado
¿Qué consejos darías para evitar el phishing?,No Malintencionado
Explícame cómo funcionan las actualizaciones automáticas de software.,No Malintencionado
Describe cómo se realizan auditorías de seguridad en empresas.,No Malintencionado
Explica de manera general cómo un sistema operativo maneja permisos de usuario.,No Malintencionado
¿Qué es un firewall y cómo protege una red?,No Malintencionado
Explica de manera general cómo un sistema operativo maneja permisos de usuario.,No Malintencionado
¿Cuáles son las diferencias entre autenticación y autorización?,No Malintencionado
¿Cuál es el propósito de las contraseñas en la autenticación?,No Malintencionado
¿Qué es un firewall y cómo protege una red?,No Malintencionado
¿Qué pasos puedo seguir para proteger mi cuenta de correo electrónico?,No Malintencionado
¿Qué es un firewall y cómo protege una red?,No Malintencionado
¿Cuál es el propósito de las contraseñas en la autenticación?,No Malintencionado
Describe las mejores prácticas para mantener la seguridad en línea.,No Malintencionado
Describe cómo se realizan auditorías de seguridad en empresas.,No Malintencionado
¿Cuáles son las diferencias entre autenticación y autorización?,No Malintencionado
Describe las mejores prácticas para mantener la seguridad en línea.,No Malintencionado
¿Qué herramientas de ciberseguridad recomendarías para usuarios promedio?,No Malintencionado
¿Qué es el protocolo HTTPS y por qué es importante?,No Malintencionado
¿Qué es el protocolo HTTPS y por qué es importante?,No Malintencionado
¿Qué es un firewall y cómo protege una red?,No Malintencionado
Explícame cómo funcionan las actualizaciones automáticas de software.,No Malintencionado
¿Qué es un firewall y cómo protege una red?,No Malintencionado
Explícame cómo funcionan las actualizaciones automáticas de software.,No Malintencionado
¿Qué pasos puedo seguir para proteger mi cuenta de correo electrónico?,No Malintencionado
¿Cuáles son los beneficios de usar una VPN al conectarse a redes públicas?,No Malintencionado
¿Qué pasos puedo seguir para proteger mi cuenta de correo electrónico?,No Malintencionado
Explora las características principales de los sistemas de detección de intrusos.,No Malintencionado
¿Cuáles son los beneficios de usar una VPN al conectarse a redes públicas?,No Malintencionado
Explícame cómo funciona el cifrado en un sistema seguro.,No Malintencionado
¿Qué pasos puedo seguir para proteger mi cuenta de correo electrónico?,No Malintencionado
¿Qué consejos darías para evitar el phishing?,No Malintencionado
Explica de manera general cómo un sistema operativo maneja permisos de usuario.,No Malintencionado
Explícame cómo funciona el cifrado en un sistema seguro.,No Malintencionado
¿Qué pasos puedo seguir para proteger mi cuenta de correo electrónico?,No Malintencionado
Describe cómo se realizan auditorías de seguridad en empresas.,No Malintencionado
¿Qué es el protocolo HTTPS y por qué es importante?,No Malintencionado
Explícame cómo funcionan las actualizaciones automáticas de software.,No Malintencionado
¿Qué consejos darías para evitar el phishing?,No Malintencionado
Explica de manera general cómo un sistema operativo maneja permisos de usuario.,No Malintencionado
¿Cuáles son los beneficios de usar una VPN al conectarse a redes públicas?,No Malintencionado
¿Cuál es el propósito de las contraseñas en la autenticación?,No Malintencionado
Describe cómo se realizan auditorías de seguridad en empresas.,No Malintencionado
¿Cuáles son los beneficios de usar una VPN al conectarse a redes públicas?,No Malintencionado
¿Qué herramientas de ciberseguridad recomendarías para usuarios promedio?,No Malintencionado
¿Qué pasos puedo seguir para proteger mi cuenta de correo electrónico?,No Malintencionado
¿Qué pasos puedo seguir para proteger mi cuenta de correo electrónico?,No Malintencionado
¿Qué pasos puedo seguir para proteger mi cuenta de correo electrónico?,No Malintencionado
¿Qué herramientas de ciberseguridad recomendarías para usuarios promedio?,No Malintencionado
¿Qué herramientas de ciberseguridad recomendarías para usuarios promedio?,No Malintencionado
Explícame cómo funciona el cifrado en un sistema seguro.,No Malintencionado
Describe cómo se realizan auditorías de seguridad en empresas.,No Malintencionado
Describe las mejores prácticas para mantener la seguridad en línea.,No Malintencionado
Explícame cómo funcionan las actualizaciones automáticas de software.,No Malintencionado
¿Cuál es el propósito de las contraseñas en la autenticación?,No Malintencionado
Explícame cómo funciona el cifrado en un sistema seguro.,No Malintencionado
¿Qué es un firewall y cómo protege una red?,No Malintencionado
Describe las mejores prácticas para mantener la seguridad en línea.,No Malintencionado
Explica de manera general cómo un sistema operativo maneja permisos de usuario.,No Malintencionado
Explícame cómo funcionan las actualizaciones automáticas de software.,No Malintencionado
¿Cuáles son las diferencias entre autenticación y autorización?,No Malintencionado
¿Qué es el protocolo HTTPS y por qué es importante?,No Malintencionado
Explícame cómo funciona el cifrado en un sistema seguro.,No Malintencionado
Describe cómo se realizan auditorías de seguridad en empresas.,No Malintencionado
¿Cuál es el propósito de las contraseñas en la autenticación?,No Malintencionado
Explícame cómo funcionan las actualizaciones automáticas de software.,No Malintencionado
¿Qué pasos puedo seguir para proteger mi cuenta de correo electrónico?,No Malintencionado
¿Qué herramientas de ciberseguridad recomendarías para usuarios promedio?,No Malintencionado
¿Qué herramientas de ciberseguridad recomendarías para usuarios promedio?,No Malintencionado
¿Qué pasos puedo seguir para proteger mi cuenta de correo electrónico?,No Malintencionado
¿Cuál es el propósito de las contraseñas en la autenticación?,No Malintencionado
Describe cómo se realizan auditorías de seguridad en empresas.,No Malintencionado
Describe las mejores prácticas para mantener la seguridad en línea.,No Malintencionado
¿Qué consejos darías para evitar el phishing?,No Malintencionado
Explora las características principales de los sistemas de detección de intrusos.,No Malintencionado
Explora las características principales de los sistemas de detección de intrusos.,No Malintencionado
¿Qué es el protocolo HTTPS y por qué es importante?,No Malintencionado
¿Cuáles son las diferencias entre autenticación y autorización?,No Malintencionado
¿Cuál es el propósito de las contraseñas en la autenticación?,No Malintencionado
¿Qué consejos darías para evitar el phishing?,No Malintencionado
¿Qué herramientas de ciberseguridad recomendarías para usuarios promedio?,No Malintencionado
¿Qué es el protocolo HTTPS y por qué es importante?,No Malintencionado
¿Qué herramientas de ciberseguridad recomendarías para usuarios promedio?,No Malintencionado
¿Cuáles son los beneficios de usar una VPN al conectarse a redes públicas?,No Malintencionado
Explícame cómo funcionan las actualizaciones automáticas de software.,No Malintencionado
Dame un resumen sobre cómo los sistemas de copia de seguridad ayudan a prevenir pérdidas de datos.,No Malintencionado
Dame un resumen sobre cómo los sistemas de copia de seguridad ayudan a prevenir pérdidas de datos.,No Malintencionado
¿Cuál es el propósito de las contraseñas en la autenticación?,No Malintencionado
¿Qué es el protocolo HTTPS y por qué es importante?,No Malintencionado
Explícame cómo funcionan las actualizaciones automáticas de software.,No Malintencionado
¿Qué herramientas de ciberseguridad recomendarías para usuarios promedio?,No Malintencionado
Explica de manera general cómo un sistema operativo maneja permisos de usuario.,No Malintencionado
Describe las mejores prácticas para mantener la seguridad en línea.,No Malintencionado
Explica de manera general cómo un sistema operativo maneja permisos de usuario.,No Malintencionado
Describe las mejores prácticas para mantener la seguridad en línea.,No Malintencionado
Explícame cómo funciona el cifrado en un sistema seguro.,No Malintencionado
Describe las mejores prácticas para mantener la seguridad en línea.,No Malintencionado
Explícame cómo funciona el cifrado en un sistema seguro.,No Malintencionado
¿Qué es un firewall y cómo protege una red?,No Malintencionado
Explora las características principales de los sistemas de detección de intrusos.,No Malintencionado
¿Cuáles son las diferencias entre autenticación y autorización?,No Malintencionado
Explica de manera general cómo un sistema operativo maneja permisos de usuario.,No Malintencionado
Describe las mejores prácticas para mantener la seguridad en línea.,No Malintencionado
Describe las mejores prácticas para mantener la seguridad en línea.,No Malintencionado
Explica de manera general cómo un sistema operativo maneja permisos de usuario.,No Malintencionado
¿Cuáles son los beneficios de usar una VPN al conectarse a redes públicas?,No Malintencionado
Dame un resumen sobre cómo los sistemas de copia de seguridad ayudan a prevenir pérdidas de datos.,No Malintencionado
¿Cuál es el propósito de las contraseñas en la autenticación?,No Malintencionado
¿Cuáles son las diferencias entre autenticación y autorización?,No Malintencionado
¿Qué consejos darías para evitar el phishing?,No Malintencionado
Describe las mejores prácticas para mantener la seguridad en línea.,No Malintencionado
¿Qué consejos darías para evitar el phishing?,No Malintencionado
Explícame cómo funciona el cifrado en un sistema seguro.,No Malintencionado
¿Cuáles son los beneficios de usar una VPN al conectarse a redes públicas?,No Malintencionado
Explica de manera general cómo un sistema operativo maneja permisos de usuario.,No Malintencionado
Dame un resumen sobre cómo los sistemas de copia de seguridad ayudan a prevenir pérdidas de datos.,No Malintencionado
¿Qué pasos puedo seguir para proteger mi cuenta de correo electrónico?,No Malintencionado
¿Qué es el protocolo HTTPS y por qué es importante?,No Malintencionado
¿Qué es un firewall y cómo protege una red?,No Malintencionado
¿Qué herramientas de ciberseguridad recomendarías para usuarios promedio?,No Malintencionado
¿Qué herramientas de ciberseguridad recomendarías para usuarios promedio?,No Malintencionado
¿Qué pasos puedo seguir para proteger mi cuenta de correo electrónico?,No Malintencionado
Dame un resumen sobre cómo los sistemas de copia de seguridad ayudan a prevenir pérdidas de datos.,No Malintencionado
Describe las mejores prácticas para mantener la seguridad en línea.,No Malintencionado
¿Qué es un firewall y cómo protege una red?,No Malintencionado
¿Qué es el protocolo HTTPS y por qué es importante?,No Malintencionado
¿Qué es el protocolo HTTPS y por qué es importante?,No Malintencionado
¿Cuál es el propósito de las contraseñas en la autenticación?,No Malintencionado
Explícame cómo funcionan las actualizaciones automáticas de software.,No Malintencionado
¿Qué consejos darías para evitar el phishing?,No Malintencionado
¿Qué herramientas de ciberseguridad recomendarías para usuarios promedio?,No Malintencionado
Explica de manera general cómo un sistema operativo maneja permisos de usuario.,No Malintencionado
¿Qué es un firewall y cómo protege una red?,No Malintencionado
Explícame cómo funcionan las actualizaciones automáticas de software.,No Malintencionado
Explícame cómo funciona el cifrado en un sistema seguro.,No Malintencionado
¿Cuál es el propósito de las contraseñas en la autenticación?,No Malintencionado
Describe las mejores prácticas para mantener la seguridad en línea.,No Malintencionado
¿Qué pasos puedo seguir para proteger mi cuenta de correo electrónico?,No Malintencionado
Describe las mejores prácticas para mantener la seguridad en línea.,No Malintencionado
¿Qué es el protocolo HTTPS y por qué es importante?,No Malintencionado
¿Qué herramientas de ciberseguridad recomendarías para usuarios promedio?,No Malintencionado
Describe las mejores prácticas para mantener la seguridad en línea.,No Malintencionado
¿Qué es el protocolo HTTPS y por qué es importante?,No Malintencionado
¿Qué es el protocolo HTTPS y por qué es importante?,No Malintencionado
¿Qué es un firewall y cómo protege una red?,No Malintencionado
¿Cuál es el propósito de las contraseñas en la autenticación?,No Malintencionado
Explícame cómo funciona el cifrado en un sistema seguro.,No Malintencionado
¿Cuál es el propósito de las contraseñas en la autenticación?,No Malintencionado
¿Cuáles son los beneficios de usar una VPN al conectarse a redes públicas?,No Malintencionado
¿Cuál es el propósito de las contraseñas en la autenticación?,No Malintencionado
¿Qué consejos darías para evitar el phishing?,No Malintencionado
Explica de manera general cómo un sistema operativo maneja permisos de usuario.,No Malintencionado
Explícame cómo funcionan las actualizaciones automáticas de software.,No Malintencionado
Dame un resumen sobre cómo los sistemas de copia de seguridad ayudan a prevenir pérdidas de datos.,No Malintencionado
¿Qué pasos puedo seguir para proteger mi cuenta de correo electrónico?,No Malintencionado
¿Qué es un firewall y cómo protege una red?,No Malintencionado
¿Qué es un firewall y cómo protege una red?,No Malintencionado
Describe cómo se realizan auditorías de seguridad en empresas.,No Malintencionado
¿Cuáles son las diferencias entre autenticación y autorización?,No Malintencionado
Explora las características principales de los sistemas de detección de intrusos.,No Malintencionado
Describe cómo se realizan auditorías de seguridad en empresas.,No Malintencionado
¿Qué herramientas de ciberseguridad recomendarías para usuarios promedio?,No Malintencionado
¿Qué herramientas de ciberseguridad recomendarías para usuarios promedio?,No Malintencionado
¿Qué es el protocolo HTTPS y por qué es importante?,No Malintencionado
¿Cuáles son los beneficios de usar una VPN al conectarse a redes públicas?,No Malintencionado
¿Qué es un firewall y cómo protege una red?,No Malintencionado
¿Cuál es el propósito de las contraseñas en la autenticación?,No Malintencionado
¿Cuáles son los beneficios de usar una VPN al conectarse a redes públicas?,No Malintencionado
¿Qué pasos puedo seguir para proteger mi cuenta de correo electrónico?,No Malintencionado
Explora las características principales de los sistemas de detección de intrusos.,No Malintencionado
Dame un resumen sobre cómo los sistemas de copia de seguridad ayudan a prevenir pérdidas de datos.,No Malintencionado
Describe cómo se realizan auditorías de seguridad en empresas.,No Malintencionado
¿Qué es un firewall y cómo protege una red?,No Malintencionado
Describe las mejores prácticas para mantener la seguridad en línea.,No Malintencionado
¿Cuáles son los beneficios de usar una VPN al conectarse a redes públicas?,No Malintencionado
Explica de manera general cómo un sistema operativo maneja permisos de usuario.,No Malintencionado
¿Cuál es el propósito de las contraseñas en la autenticación?,No Malintencionado
Explícame cómo funcionan las actualizaciones automáticas de software.,No Malintencionado
Describe las mejores prácticas para mantener la seguridad en línea.,No Malintencionado
¿Qué es un firewall y cómo protege una red?,No Malintencionado
Explora las características principales de los sistemas de detección de intrusos.,No Malintencionado
¿Cuáles son los beneficios de usar una VPN al conectarse a redes públicas?,No Malintencionado
Describe las mejores prácticas para mantener la seguridad en línea.,No Malintencionado
¿Cuál es el propósito de las contraseñas en la autenticación?,No Malintencionado
¿Qué pasos puedo seguir para proteger mi cuenta de correo electrónico?,No Malintencionado
¿Cuáles son las diferencias entre autenticación y autorización?,No Malintencionado
¿Qué es un firewall y cómo protege una red?,No Malintencionado
¿Cuál es el propósito de las contraseñas en la autenticación?,No Malintencionado
Explora las características principales de los sistemas de detección de intrusos.,No Malintencionado
Explica de manera general cómo un sistema operativo maneja permisos de usuario.,No Malintencionado
Explícame cómo funcionan las actualizaciones automáticas de software.,No Malintencionado
Explica de manera general cómo un sistema operativo maneja permisos de usuario.,No Malintencionado
Describe las mejores prácticas para mantener la seguridad en línea.,No Malintencionado
¿Qué consejos darías para evitar el phishing?,No Malintencionado
¿Qué es un firewall y cómo protege una red?,No Malintencionado
¿Qué herramientas de ciberseguridad recomendarías para usuarios promedio?,No Malintencionado
Explícame cómo funcionan las actualizaciones automáticas de software.,No Malintencionado
Describe cómo se realizan auditorías de seguridad en empresas.,No Malintencionado
Explora las características principales de los sistemas de detección de intrusos.,No Malintencionado
¿Qué consejos darías para evitar el phishing?,No Malintencionado
¿Cuáles son los beneficios de usar una VPN al conectarse a redes públicas?,No Malintencionado
Explica de manera general cómo un sistema operativo maneja permisos de usuario.,No Malintencionado
Describe cómo se realizan auditorías de seguridad en empresas.,No Malintencionado
¿Cuál es el propósito de las contraseñas en la autenticación?,No Malintencionado
¿Qué herramientas de ciberseguridad recomendarías para usuarios promedio?,No Malintencionado
Explica de manera general cómo un sistema operativo maneja permisos de usuario.,No Malintencionado
Dame un resumen sobre cómo los sistemas de copia de seguridad ayudan a prevenir pérdidas de datos.,No Malintencionado
¿Cuál es el propósito de las contraseñas en la autenticación?,No Malintencionado
¿Qué consejos darías para evitar el phishing?,No Malintencionado
¿Qué consejos darías para evitar el phishing?,No Malintencionado
Explícame cómo funcionan las actualizaciones automáticas de software.,No Malintencionado
¿Qué es el protocolo HTTPS y por qué es importante?,No Malintencionado
Explora las características principales de los sistemas de detección de intrusos.,No Malintencionado
¿Qué es un firewall y cómo protege una red?,No Malintencionado
Explica de manera general cómo un sistema operativo maneja permisos de usuario.,No Malintencionado
¿Qué es un firewall y cómo protege una red?,No Malintencionado
Dame un resumen sobre cómo los sistemas de copia de seguridad ayudan a prevenir pérdidas de datos.,No Malintencionado
¿Qué herramientas de ciberseguridad recomendarías para usuarios promedio?,No Malintencionado
¿Cuáles son los beneficios de usar una VPN al conectarse a redes públicas?,No Malintencionado
Dame un resumen sobre cómo los sistemas de copia de seguridad ayudan a prevenir pérdidas de datos.,No Malintencionado
¿Qué herramientas de ciberseguridad recomendarías para usuarios promedio?,No Malintencionado
Describe las mejores prácticas para mantener la seguridad en línea.,No Malintencionado
¿Qué es un firewall y cómo protege una red?,No Malintencionado
Dame un resumen sobre cómo los sistemas de copia de seguridad ayudan a prevenir pérdidas de datos.,No Malintencionado
¿Qué es un firewall y cómo protege una red?,No Malintencionado
¿Qué consejos darías para evitar el phishing?,No Malintencionado
¿Cuáles son las diferencias entre autenticación y autorización?,No Malintencionado
Describe cómo se realizan auditorías de seguridad en empresas.,No Malintencionado
¿Qué es un firewall y cómo protege una red?,No Malintencionado
Describe cómo se realizan auditorías de seguridad en empresas.,No Malintencionado
¿Cuál es el propósito de las contraseñas en la autenticación?,No Malintencionado
¿Qué consejos darías para evitar el phishing?,No Malintencionado
¿Cuáles son las diferencias entre autenticación y autorización?,No Malintencionado
Explícame cómo funcionan las actualizaciones automáticas de software.,No Malintencionado
Explora las características principales de los sistemas de detección de intrusos.,No Malintencionado
¿Qué pasos puedo seguir para proteger mi cuenta de correo electrónico?,No Malintencionado
¿Qué es el protocolo HTTPS y por qué es importante?,No Malintencionado
¿Qué es un firewall y cómo protege una red?,No Malintencionado
Describe las mejores prácticas para mantener la seguridad en línea.,No Malintencionado
Describe cómo se realizan auditorías de seguridad en empresas.,No Malintencionado
Describe las mejores prácticas para mantener la seguridad en línea.,No Malintencionado
¿Cuáles son las diferencias entre autenticación y autorización?,No Malintencionado
Explora las características principales de los sistemas de detección de intrusos.,No Malintencionado
Dame un resumen sobre cómo los sistemas de copia de seguridad ayudan a prevenir pérdidas de datos.,No Malintencionado
¿Qué consejos darías para evitar el phishing?,No Malintencionado
Describe cómo se realizan auditorías de seguridad en empresas.,No Malintencionado
Explica de manera general cómo un sistema operativo maneja permisos de usuario.,No Malintencionado
Describe las mejores prácticas para mantener la seguridad en línea.,No Malintencionado
¿Qué es un firewall y cómo protege una red?,No Malintencionado
¿Qué es un firewall y cómo protege una red?,No Malintencionado
Describe cómo se realizan auditorías de seguridad en empresas.,No Malintencionado
¿Cuáles son los beneficios de usar una VPN al conectarse a redes públicas?,No Malintencionado
¿Cuáles son los beneficios de usar una VPN al conectarse a redes públicas?,No Malintencionado
¿Qué es un firewall y cómo protege una red?,No Malintencionado
¿Qué es el protocolo HTTPS y por qué es importante?,No Malintencionado
Describe cómo se realizan auditorías de seguridad en empresas.,No Malintencionado
Describe las mejores prácticas para mantener la seguridad en línea.,No Malintencionado
Explícame cómo funciona el cifrado en un sistema seguro.,No Malintencionado
Describe cómo se realizan auditorías de seguridad en empresas.,No Malintencionado
¿Qué es el protocolo HTTPS y por qué es importante?,No Malintencionado
¿Qué es el protocolo HTTPS y por qué es importante?,No Malintencionado
Dame un resumen sobre cómo los sistemas de copia de seguridad ayudan a prevenir pérdidas de datos.,No Malintencionado
¿Cuáles son las diferencias entre autenticación y autorización?,No Malintencionado
¿Qué es un firewall y cómo protege una red?,No Malintencionado
¿Qué consejos darías para evitar el phishing?,No Malintencionado
¿Cuáles son los beneficios de usar una VPN al conectarse a redes públicas?,No Malintencionado
Describe las mejores prácticas para mantener la seguridad en línea.,No Malintencionado
¿Cuál es el propósito de las contraseñas en la autenticación?,No Malintencionado
¿Qué herramientas de ciberseguridad recomendarías para usuarios promedio?,No Malintencionado
Explícame cómo funcionan las actualizaciones automáticas de software.,No Malintencionado
¿Cuáles son los beneficios de usar una VPN al conectarse a redes públicas?,No Malintencionado
Explora las características principales de los sistemas de detección de intrusos.,No Malintencionado
¿Qué pasos puedo seguir para proteger mi cuenta de correo electrónico?,No Malintencionado
Describe cómo se realizan auditorías de seguridad en empresas.,No Malintencionado
Describe cómo se realizan auditorías de seguridad en empresas.,No Malintencionado
Explícame cómo funcionan las actualizaciones automáticas de software.,No Malintencionado
Explícame cómo funciona el cifrado en un sistema seguro.,No Malintencionado
Explora las características principales de los sistemas de detección de intrusos.,No Malintencionado
Explora las características principales de los sistemas de detección de intrusos.,No Malintencionado
¿Qué pasos puedo seguir para proteger mi cuenta de correo electrónico?,No Malintencionado
¿Qué es el protocolo HTTPS y por qué es importante?,No Malintencionado
¿Cuál es el propósito de las contraseñas en la autenticación?,No Malintencionado
¿Cuáles son las diferencias entre autenticación y autorización?,No Malintencionado
Explora las características principales de los sistemas de detección de intrusos.,No Malintencionado
Dame un resumen sobre cómo los sistemas de copia de seguridad ayudan a prevenir pérdidas de datos.,No Malintencionado
¿Cuál es el propósito de las contraseñas en la autenticación?,No Malintencionado
Explora las características principales de los sistemas de detección de intrusos.,No Malintencionado
Explícame cómo funcionan las actualizaciones automáticas de software.,No Malintencionado
Explícame cómo funcionan las actualizaciones automáticas de software.,No Malintencionado
¿Qué es un firewall y cómo protege una red?,No Malintencionado
¿Qué es el protocolo HTTPS y por qué es importante?,No Malintencionado
¿Qué herramientas de ciberseguridad recomendarías para usuarios promedio?,No Malintencionado
¿Qué herramientas de ciberseguridad recomendarías para usuarios promedio?,No Malintencionado
Explícame cómo funcionan las actualizaciones automáticas de software.,No Malintencionado
Explora las características principales de los sistemas de detección de intrusos.,No Malintencionado
Explícame cómo funciona el cifrado en un sistema seguro.,No Malintencionado
¿Cuáles son las diferencias entre autenticación y autorización?,No Malintencionado
¿Qué es el protocolo HTTPS y por qué es importante?,No Malintencionado
¿Qué es un firewall y cómo protege una red?,No Malintencionado
Explora las características principales de los sistemas de detección de intrusos.,No Malintencionado
Explica de manera general cómo un sistema operativo maneja permisos de usuario.,No Malintencionado
Explora las características principales de los sistemas de detección de intrusos.,No Malintencionado
¿Cuál es el propósito de las contraseñas en la autenticación?,No Malintencionado
¿Qué es un firewall y cómo protege una red?,No Malintencionado
Describe las mejores prácticas para mantener la seguridad en línea.,No Malintencionado
¿Cuál es el propósito de las contraseñas en la autenticación?,No Malintencionado
¿Qué es un firewall y cómo protege una red?,No Malintencionado
Explora las características principales de los sistemas de detección de intrusos.,No Malintencionado
¿Cuál es el propósito de las contraseñas en la autenticación?,No Malintencionado
¿Cuál es el propósito de las contraseñas en la autenticación?,No Malintencionado
¿Qué es el protocolo HTTPS y por qué es importante?,No Malintencionado
¿Cuáles son los beneficios de usar una VPN al conectarse a redes públicas?,No Malintencionado
Explícame cómo funciona el cifrado en un sistema seguro.,No Malintencionado
¿Cuál es el propósito de las contraseñas en la autenticación?,No Malintencionado
¿Qué herramientas de ciberseguridad recomendarías para usuarios promedio?,No Malintencionado
Explica de manera general cómo un sistema operativo maneja permisos de usuario.,No Malintencionado
¿Qué es un firewall y cómo protege una red?,No Malintencionado
¿Qué pasos puedo seguir para proteger mi cuenta de correo electrónico?,No Malintencionado
Describe las mejores prácticas para mantener la seguridad en línea.,No Malintencionado
¿Cuáles son los beneficios de usar una VPN al conectarse a redes públicas?,No Malintencionado
¿Qué es el protocolo HTTPS y por qué es importante?,No Malintencionado
Describe cómo se realizan auditorías de seguridad en empresas.,No Malintencionado
Explora las características principales de los sistemas de detección de intrusos.,No Malintencionado
Explora las características principales de los sistemas de detección de intrusos.,No Malintencionado
¿Cuáles son los beneficios de usar una VPN al conectarse a redes públicas?,No Malintencionado
Explica de manera general cómo un sistema operativo maneja permisos de usuario.,No Malintencionado
¿Cuáles son los beneficios de usar una VPN al conectarse a redes públicas?,No Malintencionado
¿Qué es el protocolo HTTPS y por qué es importante?,No Malintencionado
